,start_date_local,type,distance,moving_time,elapsed_time,average_speed,max_speed,total_elevation_gain,elev_high,elev_low,average_cadence,has_heartrate,average_heartrate,max_heartrate,gear_id,start_time
0,2024-12-30,Yoga,0.0,1892,1892,0.0,0.0,0.0,0.0,0.0,,True,79.8,113.0,,12:58:16
3,2024-12-26,Walk,1819.0,968,1205,1.879,9.692,11.0,5.6,0.0,,True,112.7,172.0,,12:04:32
10,2024-12-15,Walk,5886.6,4401,4491,1.338,2.473,67.0,72.8,33.6,,True,110.7,135.0,,14:14:20
15,2024-12-08,Walk,4522.0,3649,4196,1.239,5.94,150.4,99.6,0.0,,True,98.3,114.0,,13:38:08
27,2024-10-19,Walk,1481.3,1260,1430,1.176,2.8,7.6,228.9,221.9,,True,103.5,117.0,,14:42:24
28,2024-10-18,Walk,3814.7,3121,3247,1.222,1.602,58.1,278.4,258.2,,True,112.7,164.0,,10:04:14
29,2024-10-15,Walk,816.8,734,812,1.113,1.432,0.0,229.8,228.1,,True,98.3,111.0,,19:16:17
30,2024-10-15,Walk,2130.7,1915,2528,1.113,2.016,20.5,238.0,225.2,,True,93.1,133.0,,18:32:09
31,2024-10-14,Walk,3367.9,2922,3081,1.153,1.542,49.2,278.4,258.2,,True,109.0,145.0,,10:16:10
32,2024-10-06,Walk,2251.7,1885,2096,1.195,2.068,16.3,244.9,240.1,,True,102.4,160.0,,12:03:03
33,2024-10-03,Walk,1112.9,720,1040,1.546,3.7600000000000002,12.1,38.8,23.7,,True,103.9,115.0,,23:20:41
34,2024-10-03,Walk,812.6,695,827,1.169,1.478,0.0,48.6,45.1,,True,94.5,112.0,,13:23:07
35,2024-10-03,Walk,1555.9,1355,1632,1.148,2.002,0.0,47.4,24.4,,True,101.0,141.0,,10:31:20
36,2024-10-02,Walk,1005.9,916,973,1.098,1.594,9.7,35.2,24.6,,True,114.3,129.0,,23:19:32
37,2024-10-02,Walk,1771.4,1188,1318,1.491,3.478,24.1,50.4,27.3,,True,109.6,138.0,,22:12:30
38,2024-10-02,Walk,295.6,302,760,0.979,1.748,0.0,47.2,46.0,,True,87.0,96.0,,19:26:12
39,2024-10-02,Walk,1037.5,887,1011,1.17,2.058,0.0,33.2,24.6,,True,92.3,106.0,,09:11:50
40,2024-10-01,Walk,937.3,703,951,1.333,3.038,11.2,35.2,23.9,,True,104.0,123.0,,21:38:48
41,2024-10-01,Walk,1124.6,752,842,1.496,3.094,0.0,32.6,25.0,,True,113.2,125.0,,12:04:03
42,2024-09-30,Walk,950.5,797,1621,1.193,1.978,4.9,35.0,29.7,,True,95.4,116.0,,19:26:30
43,2024-09-30,Walk,807.8,715,741,1.13,2.445,0.0,46.6,45.3,,True,101.8,115.0,,14:03:13
44,2024-09-30,Walk,536.8,397,965,1.352,2.168,5.0,253.0,241.7,,True,92.3,121.0,,09:02:42
45,2024-09-29,Walk,4481.2,4266,7623,1.05,3.402,45.1,664.0,464.2,,True,91.2,155.0,,15:22:21
46,2024-09-29,Walk,3019.8,3497,8802,0.864,2.206,163.8,655.2,548.2,,True,91.5,139.0,,12:43:56
47,2024-09-29,Walk,2144.7,2136,4669,1.004,1.524,99.7,565.0,463.3,,True,85.5,140.0,,11:25:24
48,2024-09-28,Walk,4379.7,4921,11515,0.89,2.288,69.1,297.0,247.0,,True,82.6,151.0,,13:13:26
49,2024-09-27,Walk,6908.1,5235,6562,1.32,2.036,65.4,487.9,315.6,,True,93.3,127.0,,17:45:36
50,2024-09-26,Walk,226.2,234,924,0.967,1.736,2.5,459.3,455.8,,True,96.6,111.0,,13:47:09
51,2024-09-26,Walk,628.6,597,947,1.053,1.658,7.9,459.1,451.2,,True,96.7,117.0,,12:09:05
52,2024-09-25,Walk,406.9,406,727,1.002,1.278,28.8,253.7,242.3,,True,91.0,103.0,,23:19:56
53,2024-09-25,Walk,787.0,589,1419,1.336,1.768,0.0,49.6,24.1,,True,99.2,108.0,,14:05:57
54,2024-09-24,Walk,1570.4,1211,2903,1.297,2.186,4.5,34.8,29.7,,True,86.4,112.0,,19:46:03
55,2024-09-23,Walk,297.0,212,1640,1.401,2.273,0.0,35.2,30.6,,True,109.4,119.0,,19:57:53
57,2024-09-21,Walk,1881.0,1538,1729,1.223,1.796,8.4,33.2,24.6,,True,93.5,109.0,,21:45:01
58,2024-09-20,Walk,1274.9,1256,1818,1.015,1.548,2.6,35.0,32.1,,True,85.1,103.0,,20:05:26
59,2024-09-19,Walk,2486.4,2064,2144,1.205,2.161,17.2,47.7,32.4,,True,101.6,126.0,,21:34:34
60,2024-09-19,Walk,2227.8,1792,2093,1.243,2.9,2.1,49.3,39.5,,True,93.3,110.0,,18:56:57
61,2024-09-19,Walk,1012.4,793,827,1.277,1.866,0.0,32.6,24.6,,True,108.4,130.0,,14:10:49
63,2024-09-17,Walk,1746.3,1302,2464,1.341,1.968,6.6,33.2,20.9,,True,99.8,120.0,,20:25:29
65,2024-09-15,Walk,4386.9,3519,4705,1.247,2.602,33.7,91.3,72.6,,True,85.6,117.0,,17:46:38
67,2024-09-14,Walk,2803.0,2705,3284,1.036,1.304,21.4,90.6,76.6,,True,87.1,122.0,,14:08:55
68,2024-09-13,Walk,1373.8,991,1852,1.386,1.75,7.0,35.1,27.7,,True,92.5,151.0,,20:06:20
69,2024-09-13,Walk,966.0,764,877,1.264,1.81,0.0,33.3,24.8,,True,92.0,149.0,,16:12:48
70,2024-09-13,Walk,770.6,581,915,1.326,1.66,3.3,34.6,31.1,,True,102.4,137.0,,13:56:46
72,2024-09-12,Walk,1963.2,1533,8431,1.281,2.87,25.8,51.0,25.2,,True,94.4,123.0,,19:49:17
73,2024-09-12,Walk,1192.5,759,1040,1.571,2.028,5.9,49.7,43.6,,True,95.9,111.0,,15:49:13
74,2024-09-12,Walk,1133.7,728,961,1.557,2.024,0.0,47.8,43.3,,True,103.4,127.0,,14:11:22
75,2024-09-12,Walk,867.6,481,549,1.804,3.556,0.0,32.3,24.6,,True,140.0,186.0,,10:16:08
76,2024-09-11,Walk,759.9,721,1003,1.054,1.844,8.7,34.2,25.4,,True,85.6,96.0,,22:09:16
77,2024-09-11,Walk,2783.5,2459,2674,1.132,2.25,9.5,43.9,30.5,,True,87.8,104.0,,19:48:31
78,2024-09-11,Walk,707.4,513,793,1.379,1.768,0.0,31.5,24.6,,True,98.8,147.0,,18:27:53
79,2024-09-11,Walk,690.8,576,576,1.199,2.244,7.9,38.1,29.9,,True,120.2,128.0,,13:43:14
81,2024-09-10,Walk,953.2,935,1081,1.019,1.544,0.0,92.9,81.6,,True,93.8,108.0,,20:32:08
82,2024-09-10,Walk,1306.7,1353,2074,0.966,1.296,8.9,92.9,83.9,,True,78.7,94.0,,19:42:28
83,2024-09-10,Walk,1723.2,1293,2092,1.333,1.902,5.4,35.4,31.7,,True,97.1,118.0,,09:09:21
84,2024-09-09,Walk,1756.6,1715,3716,1.024,1.749,4.6,34.8,29.7,,True,96.9,124.0,,16:29:34
86,2024-09-07,Walk,2251.1,2555,5462,0.881,2.1270000000000002,22.2,8.2,-3.7,,True,81.8,111.0,,16:50:22
87,2024-09-07,Walk,5594.8,5491,6486,1.019,1.52,96.5,90.1,6.5,,True,93.4,132.0,,09:52:53
88,2024-09-06,Walk,4167.8,4988,6172,0.836,1.99,102.9,87.1,-2.1,,True,89.3,114.0,,15:39:31
89,2024-09-06,Walk,1371.6,1670,3090,0.8210000000000001,1.366,0.0,70.6,6.6,,True,91.5,113.0,,11:51:29
90,2024-09-04,Walk,1943.5,1832,3147,1.061,1.8940000000000001,8.9,34.5,25.5,,True,90.9,114.0,,19:25:55
91,2024-09-04,Walk,928.4,557,841,1.667,1.98,0.0,32.6,24.6,,True,87.0,87.0,,10:26:26
94,2024-09-02,Walk,865.6,730,977,1.186,1.492,9.3,34.7,24.9,,True,64.0,64.0,,19:36:18
95,2024-09-02,Walk,688.3,469,469,1.468,2.608,0.0,31.2,24.6,,True,60.0,60.0,,08:40:49
96,2024-09-01,Walk,1052.6,936,1162,1.125,1.613,9.6,35.0,24.6,,True,85.4,98.0,,20:01:18
97,2024-09-01,Walk,2119.4,1647,2305,1.287,2.278,7.1,44.4,37.0,,True,89.1,105.0,,15:44:42
98,2024-09-01,Walk,1018.8,871,1182,1.17,1.49,0.0,33.5,24.6,,True,95.0,121.0,,14:44:46
99,2024-09-01,Walk,2071.3,1974,4018,1.049,2.88,7.0,35.6,30.1,,True,90.2,115.0,,10:42:36
100,2024-08-31,Walk,1107.9,997,1276,1.111,1.544,10.1,34.9,24.6,,True,104.9,140.0,,22:15:52
101,2024-08-31,Walk,1109.1,1073,1202,1.034,3.14,18.8,54.0,35.2,,True,91.6,130.0,,19:19:51
102,2024-08-31,Walk,2205.3,1839,2377,1.199,1.77,4.0,67.7,63.6,,True,98.6,119.0,,17:39:26
103,2024-08-31,Walk,899.5,719,1643,1.2510000000000001,2.586,0.0,32.6,24.6,,True,93.5,107.0,,15:58:51
105,2024-08-30,Walk,2747.1,2720,3974,1.01,3.582,9.5,34.8,25.0,,True,94.2,124.0,,20:27:29
106,2024-08-30,Walk,789.5,735,921,1.074,1.796,3.8,35.0,30.6,,True,104.1,112.0,,12:35:26
107,2024-08-30,Walk,742.3,535,1446,1.387,4.276,0.0,34.7,31.0,,True,91.0,119.0,,11:44:11
108,2024-08-29,Walk,1815.0,1560,2372,1.163,2.843,4.8,34.8,29.7,,True,95.4,115.0,,14:47:50
110,2024-08-28,Walk,881.7,713,951,1.237,1.436,10.3,35.1,24.6,,True,95.6,106.0,,19:55:16
111,2024-08-28,Walk,1123.1,900,1872,1.248,1.714,4.6,49.3,44.5,,True,88.8,108.0,,13:09:48
113,2024-08-26,Walk,2920.4,2303,2899,1.268,1.73,14.7,47.4,28.4,,True,97.7,112.0,,21:05:03
115,2024-08-24,Walk,979.3,714,860,1.372,1.81,9.6,34.5,24.6,,True,98.5,122.0,,20:37:45
116,2024-08-24,Walk,6244.4,4909,6512,1.272,4.05,31.4,47.1,31.7,,True,94.9,130.0,,17:41:36
118,2024-08-23,Walk,1864.8,1575,2560,1.184,1.824,4.3,34.4,29.7,,True,90.2,106.0,,18:52:54
119,2024-08-23,Walk,1414.9,1106,1783,1.279,1.848,3.0,35.2,32.1,,True,94.0,112.0,,14:07:06
121,2024-08-22,Walk,1154.4,779,7502,1.482,1.97,3.7,34.7,30.4,,True,93.5,116.0,,21:17:58
123,2024-08-21,Walk,882.1,761,805,1.159,1.504,8.8,34.5,25.0,,True,97.6,116.0,,21:11:15
124,2024-08-21,Walk,888.5,570,591,1.559,2.002,0.0,32.4,24.6,,True,113.7,127.0,,12:54:10
126,2024-08-19,Walk,513.4,394,417,1.303,1.614,2.6,28.0,22.3,,True,101.7,118.0,,17:15:56
133,2024-08-11,Hike,8252.4,6756,9357,1.221,3.118,0.0,67.5,59.5,,True,102.1,117.0,,12:39:18
148,2024-06-16,Walk,822.7,700,795,1.175,1.744,0.0,31.5,31.1,,True,104.8,118.0,,21:49:01
166,2024-03-18,Walk,5040.2,3741,5427,1.347,3.324,4.0,59.2,55.1,,True,106.4,122.0,,17:53:58
167,2024-02-17,Hike,15684.3,13345,30496,1.175,2.668,498.2,817.0,411.7,,True,108.2,160.0,,11:25:42
176,2023-10-08,Hike,6134.5,5231,10662,1.173,2.724,112.9,292.9,210.2,,True,105.9,148.0,,15:29:17
178,2023-09-24,Walk,5912.6,4705,6415,1.257,2.6310000000000002,0.0,38.2,28.9,,True,99.0,128.0,,11:20:31
181,2023-08-31,Walk,4287.8,3219,3864,1.332,2.524,0.0,279.3,279.3,,True,111.1,141.0,,23:01:36
182,2023-08-20,Hike,5332.4,3760,3880,1.418,3.478,57.1,507.0,416.0,,True,105.0,128.0,,22:05:03
183,2023-08-20,Hike,5183.6,3827,4241,1.354,2.582,109.1,511.2,416.0,,True,107.7,144.0,,18:55:24
184,2023-08-18,Hike,15817.1,12017,31651,1.316,2.688,420.6,344.9,86.9,,True,114.2,162.0,,13:25:55
185,2023-08-13,Hike,6537.5,5013,9093,1.304,3.092,204.1,406.7,229.0,,True,113.3,147.0,,11:06:59
188,2023-08-01,Walk,1353.9,1184,1513,1.144,2.034,2.5,252.2,249.3,,True,95.4,112.0,,18:20:45
194,2023-06-11,Walk,8947.3,6992,7848,1.28,6.99,138.6,462.3,410.4,,False,,,,09:43:09
197,2023-04-09,Hike,10327.3,8902,17494,1.16,14.569,369.0,433.8,235.8,,False,,,,10:19:47
205,2022-09-18,Hike,9444.7,8093,19350,1.167,9.574,134.1,500.4,416.4,,False,,,,10:29:41
208,2022-08-13,Hike,12030.8,10869,16013,1.107,6.797,229.2,447.0,277.5,,False,,,,10:18:43
215,2022-06-12,Hike,11650.7,9541,11744,1.221,2.582,353.7,480.5,242.1,,True,109.3,154.0,,10:43:24
216,2022-06-04,Hike,14110.0,12317,18781,1.146,2.366,561.5,685.0,449.7,,True,109.9,160.0,,14:04:47
218,2022-05-15,Hike,14742.4,11114,15599,1.326,3.434,349.8,455.5,235.7,,True,109.2,146.0,,09:40:03
219,2022-04-12,Hike,7876.3,5931,7522,1.328,3.014,108.3,508.2,298.6,,True,112.6,157.0,,16:09:57
220,2022-04-10,Walk,7856.3,6020,7218,1.305,2.132,23.6,250.1,223.4,,True,108.0,130.0,,11:01:54
223,2022-03-12,Hike,13228.5,10900,14226,1.214,2.352,33.0,285.1,201.6,,True,108.3,205.0,,11:45:40
227,2022-02-13,Hike,20878.8,18536,24307,1.1260000000000001,1.996,302.6,496.7,407.5,,True,102.8,154.0,,10:01:22
230,2022-01-30,Hike,20228.9,16618,20967,1.217,2.613,331.3,538.0,391.1,,True,109.5,155.0,,10:43:19
239,2022-01-06,Hike,11992.8,10735,12240,1.117,2.094,30.2,414.7,323.1,,True,101.1,125.0,,11:04:26
243,2021-12-25,Hike,8300.8,7432,11182,1.117,2.184,184.7,536.2,398.1,,True,102.5,139.0,,11:42:25
245,2021-12-11,Hike,7796.0,6663,9409,1.17,1.744,135.7,501.3,412.1,,True,105.9,135.0,,13:45:48
250,2021-11-14,Hike,9132.6,7570,13380,1.206,1.948,125.6,512.2,298.1,,True,103.4,187.0,,09:13:58
255,2021-10-10,Hike,10727.4,9989,16098,1.074,1.8,175.9,271.0,179.1,,True,106.2,140.0,,10:29:09
261,2021-08-13,Hike,3408.8,3193,3908,1.068,4.0,87.7,1281.4,1193.0,,False,,,,10:25:49
262,2021-08-07,Ride,24847.1,6101,7439,4.073,22.8,164.9,270.0,204.9,,False,,,,15:19:15
265,2021-07-24,Hike,13470.6,12061,12894,1.117,10.1,245.5,509.4,375.1,,False,,,,12:14:34
266,2021-07-18,Hike,9610.6,9370,13039,1.026,5.4,264.3,581.2,430.3,,False,,,,09:31:54
280,2021-05-09,Hike,18600.8,14097,22609,1.319,14.6,236.5,502.5,424.1,,False,,,,10:37:35
283,2021-04-28,Walk,2013.9,1391,1409,1.448,3.3,21.3,280.9,261.9,,False,,,,19:08:08
288,2021-04-17,Hike,12529.5,11477,19619,1.092,10.0,514.7,770.8,323.6,,False,,,,11:23:16
309,2021-01-23,Hike,18857.8,15600,19708,1.209,10.1,242.2,505.5,415.6,,False,,,,09:24:58
314,2021-01-09,Hike,23632.4,16719,19233,1.414,30.9,324.3,530.7,433.7,,False,,,,09:51:02
316,2021-01-02,Hike,18113.8,15341,17584,1.181,8.6,464.0,513.3,240.2,,False,,,,10:27:13
321,2020-12-25,Hike,5606.8,5271,6080,1.064,5.0,97.1,309.6,236.4,,False,,,,09:57:19
324,2020-12-20,Hike,13716.3,12408,12900,1.105,3.3,187.7,501.1,412.2,,False,,,,10:22:17
325,2020-12-19,Hike,13452.3,7784,11836,1.728,33.3,336.8,471.3,245.6,,False,,,,13:04:11
326,2020-12-12,Ride,22242.3,6862,15386,3.241,11.3,291.4,466.3,341.2,,False,,,,13:07:37
336,2018-01-22,Ride,8812.4,1989,2218,4.431,7.8,54.2,238.0,222.2,,False,,,,18:17:31
337,2017-08-26,Ride,11048.6,2444,4390,4.521,7.2,69.9,238.0,219.8,,False,,,,18:11:12
338,2017-08-24,Ride,13042.9,2771,2793,4.707,7.7,84.4,245.4,224.0,,False,,,,18:37:53
339,2016-11-26,Ride,12114.0,6579,6871,1.841,10.6,22.9,252.0,228.1,,False,,,,17:30:41
340,2016-03-20,Ride,7938.6,1522,1529,5.216,9.0,10.8,240.4,225.4,,False,,,,19:31:31
341,2016-03-20,Ride,8253.5,1544,1557,5.346,8.1,14.3,241.5,225.6,,False,,,,17:20:37
342,2016-03-17,Ride,7728.8,1799,2314,4.296,13.3,0.0,237.9,228.1,,False,,,,19:27:09
343,2016-03-15,Ride,5115.3,8074,8088,0.634,10.7,0.0,236.4,227.6,,False,,,,18:43:23
344,2016-03-12,Ride,8043.9,261315,261322,0.031,8.5,0.0,233.0,225.2,,False,,,,18:07:50
345,2016-03-11,Ride,6428.2,1349,1472,4.765,8.2,11.0,239.8,228.1,,False,,,,17:31:09
346,2016-03-09,Ride,7673.4,1607,1641,4.775,8.6,10.9,243.0,228.2,,False,,,,19:08:16
347,2016-03-09,Ride,7440.2,1847,1873,4.028,8.6,14.7,243.5,228.3,,False,,,,17:54:04
348,2016-03-07,Ride,12602.5,2435,2604,5.176,8.7,17.1,246.0,227.6,,False,,,,18:14:11
349,2016-03-06,Ride,7124.6,86925,87062,0.082,10.0,0.0,238.3,228.0,,False,,,,18:02:54
350,2016-03-05,Ride,9100.9,1678,2181,5.424,9.0,15.3,244.2,228.2,,False,,,,18:15:12
351,2016-03-04,Ride,9106.9,1886,1898,4.829,8.4,14.5,243.6,228.2,,False,,,,18:50:37
